{"stat.killEntity.Skeleton":1,"stat.walkOneCm":12487,"stat.pickup.minecraft.bone":2,"stat.leaveGame":2,"stat.killEntity.jenny":1,"stat.pickup.minecraft.arrow":2,"stat.pickup.minecraft.iron_sword":1,"stat.useItem.spartanweaponry.hammer_steel":2,"stat.mobKills":4,"stat.killEntity.Creeper":1,"stat.useItem.spartanweaponry.warhammer_diamond":30,"stat.flyOneCm":162283,"stat.jump":96,"stat.swimOneCm":1433,"stat.playOneMinute":14603,"stat.sneakTime":217,"stat.damageDealt":1390,"stat.pickup.minecraft.gunpowder":2,"stat.pickup.minecraft.porkchop":4,"stat.crouchOneCm":498,"stat.killEntity.Zombie":1,"stat.timeSinceDeath":14603,"stat.sprintOneCm":5850,"stat.useItem.minecraft.spawn_egg":3,"stat.useItem.minecraft.stone_slab2":1,"stat.pickup.minecraft.bow":1,"stat.diveOneCm":14054}