{"stat.killEntity.Skeleton":1,"stat.walkOneCm":25806,"stat.pickup.minecraft.bone":2,"stat.useItem.minecraft.iron_sword":3,"stat.leaveGame":3,"stat.killEntity.jenny":1,"stat.pickup.minecraft.arrow":2,"stat.pickup.minecraft.iron_sword":1,"stat.useItem.spartanweaponry.hammer_steel":2,"stat.mobKills":5,"stat.killEntity.Creeper":1,"stat.useItem.spartanweaponry.warhammer_diamond":30,"stat.flyOneCm":165452,"stat.jump":120,"stat.swimOneCm":1433,"stat.killEntity.manglelie":1,"stat.playOneMinute":20670,"stat.sneakTime":222,"stat.damageDealt":1600,"stat.pickup.minecraft.gunpowder":2,"stat.pickup.minecraft.porkchop":5,"stat.crouchOneCm":531,"stat.killEntity.Zombie":1,"stat.timeSinceDeath":20670,"stat.sprintOneCm":5850,"stat.useItem.minecraft.spawn_egg":6,"stat.useItem.minecraft.stone_slab2":1,"stat.pickup.minecraft.bow":1,"stat.diveOneCm":14054}